{"stat.walkOneCm":16610,"achievement.openInventory":10,"stat.leaveGame":1,"stat.useItem.minecraft.vine":3,"stat.pickup.minecraft.leather":3,"stat.killEntity.tol.xurah":2,"stat.useItem.tol.cracked_darkstone_brick":8,"stat.useItem.tol.darkstone_brick":16,"stat.mobKills":3,"stat.useItem.minecraft.diamond_sword":18,"stat.flyOneCm":14427,"stat.jump":48,"stat.playOneMinute":8293,"stat.fallOneCm":954,"stat.killEntity.Sheep":1,"stat.useItem.minecraft.item_frame":3,"stat.sneakTime":346,"stat.pickup.minecraft.wool":1,"stat.damageDealt":1260,"stat.crouchOneCm":1197,"stat.timeSinceDeath":8293,"stat.useItem.minecraft.leaves":12,"stat.useItem.minecraft.spawn_egg":3,"achievement.exploreAllBiomes":{"value":0,"progress":["River","Taiga","Extreme Hills","Extreme Hills+ M"]},"stat.useItem.tol.mossy_darkstone_brick":11,"stat.useItem.minecraft.fence":33,"stat.pickup.minecraft.mutton":1}